-- Inserção de Dados


INSERT INTO clientes (id_cliente, nome, sobrenome) VALUES
    (4, 'Paulo', 'Oliveira'),
    (5, 'Fernanda', 'Costa'),
    (6, 'Bruno', 'Pereira'),
    (7, 'Amanda', 'Ribeiro'),
    (8, 'Lucas', 'Martins'),
    (9, 'Larissa', 'Fernandes'),
    (10, 'Renato', 'Lima'),
    (11, 'Tatiane', 'Gomes'),
    (12, 'Rafael', 'Barbosa'),
    (13, 'Gabriela', 'Sousa'),
    (14, 'Eduardo', 'Moraes'),
    (15, 'Camila', 'Mendes'),
    (16, 'Felipe', 'Rodrigues'),
    (17, 'Mariana', 'Carvalho'),
    (18, 'Gustavo', 'Azevedo'),
    (19, 'Daniela', 'Nunes'),
    (20, 'Leandro', 'Rocha');

INSERT INTO produtos (id_produto, nome, descricao) VALUES
    (4, 'Tablet', 'Tablet Android'),
    (5, 'Monitor', 'Monitor 24 polegadas'),
    (6, 'Teclado', 'Teclado mecânico'),
    (7, 'Mouse', 'Mouse óptico'),
    (8, 'HD Externo', '1TB USB 3.0'),
    (9, 'Pen Drive', '32GB USB 3.0'),
    (10, 'Câmera', 'Câmera digital'),
    (11, 'Fone de Ouvido', 'Fone de ouvido bluetooth'),
    (12, 'Smartwatch', 'Relógio inteligente'),
    (13, 'Carregador', 'Carregador rápido USB-C'),
    (14, 'Cabo HDMI', '2 metros'),
    (15, 'Adaptador USB', 'USB para Ethernet'),
    (16, 'Bateria', 'Bateria externa 10000mAh'),
    (17, 'Roteador', 'Roteador Wi-Fi'),
    (18, 'Impressora 3D', 'Impressora 3D de mesa'),
    (19, 'Microfone', 'Microfone condensador'),
    (20, 'Webcam', 'Webcam Full HD');

INSERT INTO funcionarios (id_funcionario, nome, salario, departamento, data_nasc) VALUES
    (4, 'Carla', 5000.00, 'Marketing', '1989-03-21'),
    (5, 'Marcos', 4500.00, 'Marketing', '1990-07-18'),
    (6, 'Beatriz', 4700.00, 'RH', '1987-12-04'),
    (7, 'Pedro', 5200.00, 'Vendas', '1991-08-23'),
    (8, 'Patrícia', 4800.00, 'Marketing', '1993-10-02'),
    (9, 'Diego', 5300.00, 'TI', '1992-06-12'),
    (10, 'Renata', 5100.00, 'RH', '1988-09-14'),
    (11, 'Fernando', 4900.00, 'Vendas', '1986-11-30'),
    (12, 'Isabela', 4600.00, 'TI', '1995-04-22'),
    (13, 'Vinícius', 4700.00, 'RH', '1994-02-19'),
    (14, 'Aline', 4800.00, 'Marketing', '1990-01-05'),
    (15, 'Thiago', 5500.00, 'TI', '1989-05-28'),
    (16, 'Larissa', 5300.00, 'RH', '1992-03-03'),
    (17, 'Rafael', 6000.00, 'Vendas', '1991-11-17'),
    (18, 'Sofia', 4900.00, 'Marketing', '1988-08-25'),
    (19, 'Gabriel', 4700.00, 'TI', '1990-09-19'),
    (20, 'Juliana', 5800.00, 'TI', '1987-12-11');


INSERT INTO vendas (id_venda, id_cliente, data_venda) VALUES
    (4, 4, '2023-08-01'),
    (5, 5, '2023-09-12'),
    (6, 6, '2023-10-05'),
    (7, 7, '2023-11-20'),
    (8, 8, '2023-12-15'),
    (9, 9, '2023-12-22'),
    (10, 10, '2024-01-03'),
    (11, 11, '2024-01-11'),
    (12, 12, '2024-01-15'),
    (13, 13, '2024-01-20'),
    (14, 14, '2024-01-25'),
    (15, 15, '2024-02-05'),
    (16, 16, '2024-02-10'),
    (17, 17, '2024-02-15'),
    (18, 18, '2024-02-20'),
    (19, 19, '2024-02-25'),
    (20, 20, '2024-03-01');

INSERT INTO pedidos (id_pedido, id_produto, quantidade, preco_unitario) VALUES
    (4, 4, 1, 1500.00),
    (5, 5, 1, 900.00),
    (6, 6, 2, 200.00),
    (7, 7, 2, 150.00),
    (8, 8, 1, 300.00),
    (9, 9, 3, 100.00),
    (10, 10, 1, 800.00),
    (11, 11, 2, 200.00),
    (12, 12, 1, 900.00),
    (13, 13, 1, 1200.00),
    (14, 14, 3, 50.00),
    (15, 15, 2, 70.00),
    (16, 16, 1, 150.00),
    (17, 17, 1, 400.00),
    (18, 18, 1, 2000.00),
    (19, 19, 1, 300.00),
    (20, 20, 1, 500.00);

INSERT INTO eventos (id_evento, data_string) VALUES
    (4, '2023-04-01'),
    (5, '2023-04-15'),
    (6, '2023-05-10'),
    (7, '2023-05-20'),
    (8, '2023-06-01'),
    (9, '2023-06-10'),
    (10, '2023-07-01'),
    (11, '2023-07-15'),
    (12, '2023-08-01'),
    (13, '2023-08-15'),
    (14, '2023-09-01'),
    (15, '2023-09-10'),
    (16, '2023-10-01'),
    (17, '2023-10-15'),
    (18, '2023-11-01'),
    (19, '2023-11-15'),
    (20, '2023-12-01');

INSERT INTO avaliacoes (id_avaliacao, pontuacao) VALUES
    (4, 7),
    (5, 9),
    (6, 6),
    (7, 8),
    (8, 10),
    (9, 5),
    (10, 4),
    (11, 3),
    (12, 6),
    (13, 7),
    (14, 5),
    (15, 8),
    (16, 9),
    (17, 4),
    (18, 3),
    (19, 2),
    (20, 6);

SELECT * FROM avaliacoes